groep;typologie;maatlat;bestandspad
mi;beek;mmif;source/analyse/sem/mi_nat_sv_beek/mmif_sem_nat_sv_beek_clean.rdata
mi;beek;ept;source/analyse/sem/mi_nat_sv_beek/ept_sem_nat_sv_beek_clean.rdata
mi;beek;swd;source/analyse/sem/mi_nat_sv_beek/swd_sem_nat_sv_beek_clean.rdata
mi;beek;tax;source/analyse/sem/mi_nat_sv_beek/tax_sem_nat_sv_beek_clean.rdata
mi;kempen;mmif;source/analyse/sem/mi_nat_sv_kempen/mmif_sem_nat_sv_kempen_clean.rdata
mi;kempen;ept;source/analyse/sem/mi_nat_sv_kempen/ept_sem_nat_sv_kempen_clean.rdata
mi;kempen;swd;source/analyse/sem/mi_nat_sv_kempen/swd_sem_nat_sv_kempen_clean.rdata
mi;kempen;tax;source/analyse/sem/mi_nat_sv_kempen/tax_sem_nat_sv_kempen_clean.rdata
mi;rivier;mmif;source/analyse/sem/mi_nat_sv_rivier/mmif_sem_nat_sv_rivier_clean.rdata
mi;rivier;ept;source/analyse/sem/mi_nat_sv_rivier/ept_sem_nat_sv_rivier_clean.rdata
mi;rivier;swd;source/analyse/sem/mi_nat_sv_rivier/swd_sem_nat_sv_rivier_clean.rdata
mi;rivier;tax;source/analyse/sem/mi_nat_sv_rivier/tax_sem_nat_sv_rivier_clean.rdata
mi;polder;mmif;source/analyse/sem/mi_nat_sv_polder/mmif_sem_nat_sv_polder_clean.rdata
mi;polder;ept;source/analyse/sem/mi_nat_sv_polder/ept_sem_nat_sv_polder_clean.rdata
mi;polder;swd;source/analyse/sem/mi_nat_sv_polder/swd_sem_nat_sv_polder_clean.rdata
mi;polder;tax;source/analyse/sem/mi_nat_sv_polder/tax_sem_nat_sv_polder_clean.rdata
mi;rtnt;mmif;source/analyse/sem/mi_nat_sv_rtnt/mmif_sem_nat_sv_rtnt_clean.rdata
mi;rtnt;ept;source/analyse/sem/mi_nat_sv_rtnt/ept_sem_nat_sv_rtnt_clean.rdata
mi;rtnt;swd;source/analyse/sem/mi_nat_sv_rtnt/swd_sem_nat_sv_rtnt_clean.rdata
mi;rtnt;tax;source/analyse/sem/mi_nat_sv_rtnt/tax_sem_nat_sv_rtnt_clean.rdata
mafy;beek;index;source/analyse/sem/mafy_nat_sv_beek/mafy_index_sem_nat_sv_beek_clean.rdata
mafy;beek;gv;source/analyse/sem/mafy_nat_sv_beek/groeivorm_sem_nat_sv_beek_clean.rdata
mafy;beek;v;source/analyse/sem/mafy_nat_sv_beek/verstoring_sem_nat_sv_beek_clean.rdata
mafy;beek;vo;source/analyse/sem/mafy_nat_sv_beek/vo_sem_nat_sv_beek_clean.rdata
mafy;beek;ts;source/analyse/sem/mafy_nat_sv_beek/typspec_sem_nat_sv_beek_clean.rdata
mafy;kempen;index;source/analyse/sem/mafy_nat_sv_kempen/mafy_index_sem_nat_sv_kempen_clean.rdata
mafy;kempen;gv;source/analyse/sem/mafy_nat_sv_kempen/groeivorm_sem_nat_sv_kempen_clean.rdata
mafy;kempen;v;source/analyse/sem/mafy_nat_sv_kempen/verstoring_sem_nat_sv_kempen_clean.rdata
mafy;kempen;vo;source/analyse/sem/mafy_nat_sv_kempen/vo_sem_nat_sv_kempen_clean.rdata
mafy;kempen;ts;source/analyse/sem/mafy_nat_sv_kempen/typspec_sem_nat_sv_kempen_clean.rdata
mafy;rivier;index;source/analyse/sem/mafy_nat_sv_rivier/mafy_index_sem_nat_sv_rivier_clean.rdata
mafy;rivier;gv;source/analyse/sem/mafy_nat_sv_rivier/groeivorm_sem_nat_sv_rivier_clean.rdata
mafy;rivier;v;source/analyse/sem/mafy_nat_sv_rivier/verstoring_sem_nat_sv_rivier_clean.rdata
mafy;polder;index;source/analyse/sem/mafy_nat_sv_polder/mafy_index_sem_nat_sv_polder_clean.rdata
mafy;polder;gv;source/analyse/sem/mafy_nat_sv_polder/groeivorm_sem_nat_sv_polder_clean.rdata
mafy;polder;v;source/analyse/sem/mafy_nat_sv_polder/verstoring_sem_nat_sv_polder_clean.rdata
mafy;polder;vo;source/analyse/sem/mafy_nat_sv_polder/vo_sem_nat_sv_polder_clean.rdata
mafy;polder;ts;source/analyse/sem/mafy_nat_sv_polder/typspec_sem_nat_sv_polder_clean.rdata
